{"cameraMode":{"drawMode":0,"name":"Shaded","section":"Shading Mode"},"sceneLighting":true,"audioPlay":false,"sceneViewState":{"m_AlwaysRefresh":false,"showFog":true,"showSkybox":true,"showFlares":true,"showImageEffects":true,"showParticleSystems":true,"showVisualEffectGraphs":true,"m_FxEnabled":true},"in2DMode":false,"pivot":{"x":44.58257293701172,"y":-24.572328567504884,"z":-3.464564085006714},"rotation":{"x":0.06115221604704857,"y":-0.0009012233349494636,"z":-0.00005458105806610547,"w":-0.9981293082237244},"size":2.0077741146087648,"orthographic":false}